Country Name,Country Code,Indicator Name,Indicator Code,1960,1961,1962,1963,1964,1965,1966,1967,1968,1969,1970,1971,1972,1973,1974,1975,1976,1977,1978,1979,1980,1981,1982,1983,1984,1985,1986,1987,1988,1989,1990,1991,1992,1993,1994,1995,1996,1997,1998,1999,2000,2001,2002,2003,2004,2005,2006,2007,2008,2009,2010,2011,2012,2013,2014,2015,2016,2017,2018
Aruba,ABW,Total tax rate (% of commercial profits),IC.TAX.TOTL.CP.ZS,,,,,,,,,,,,,,,,,,,,,,,,,,,,,,,,,,,,,,,,,,,,,,,,,,,,,,,,,,,
Afghanistan,AFG,Total tax rate (% of commercial profits),IC.TAX.TOTL.CP.ZS,,,,,,,,,,,,,,,,,,,,,,,,,,,,,,,,,,,,,,,,,,,,,,35.8,35.8,35.8,35.8,35.8,35.8,35.8,35.8,35.6,36.1,36.1,47.9,71.4,71.4
Angola,AGO,Total tax rate (% of commercial profits),IC.TAX.TOTL.CP.ZS,,,,,,,,,,,,,,,,,,,,,,,,,,,,,,,,,,,,,,,,,,,,,,52.2,52.2,52.2,52.2,52.2,52.2,52.3,52.3,52.6,52.6,49,48,49.1,49.1
Albania,ALB,Total tax rate (% of commercial profits),IC.TAX.TOTL.CP.ZS,,,,,,,,,,,,,,,,,,,,,,,,,,,,,,,,,,,,,,,,,,,,,,58.6,56.9,46.3,50,44,40.6,38.7,38.8,31.7,31.6,36.9,36.9,37.3,37.3
Andorra,AND,Total tax rate (% of commercial profits),IC.TAX.TOTL.CP.ZS,,,,,,,,,,,,,,,,,,,,,,,,,,,,,,,,,,,,,,,,,,,,,,,,,,,,,,,,,,,
Arab World,ARB,Total tax rate (% of commercial profits),IC.TAX.TOTL.CP.ZS,,,,,,,,,,,,,,,,,,,,,,,,,,,,,,,,,,,,,,,,,,,,,,58.34444444,48.95555556,45.22,44.21,44.045,43.11,42.295,41.87619048,41.52380952,42.57619048,42.5952381,42.16666667,42.46666667,42.70952381
United Arab Emirates,ARE,Total tax rate (% of commercial profits),IC.TAX.TOTL.CP.ZS,,,,,,,,,,,,,,,,,,,,,,,,,,,,,,,,,,,,,,,,,,,,,,14.4,14.4,14.4,14.4,14.1,14.1,14.1,14.9,14.8,14.8,15.9,15.9,15.9,15.9
Argentina,ARG,Total tax rate (% of commercial profits),IC.TAX.TOTL.CP.ZS,,,,,,,,,,,,,,,,,,,,,,,,,,,,,,,,,,,,,,,,,,,,,,107.3,107.3,107.3,107.3,107.3,107.4,107.4,107.5,119.4,137.4,137.6,106,106,106
Armenia,ARM,Total tax rate (% of commercial profits),IC.TAX.TOTL.CP.ZS,,,,,,,,,,,,,,,,,,,,,,,,,,,,,,,,,,,,,,,,,,,,,,36.6,36.6,38.6,38.6,38.6,38.6,38.8,38.8,35.9,20.1,20,18.5,18.5,18.5
American Samoa,ASM,Total tax rate (% of commercial profits),IC.TAX.TOTL.CP.ZS,,,,,,,,,,,,,,,,,,,,,,,,,,,,,,,,,,,,,,,,,,,,,,,,,,,,,,,,,,,
Antigua and Barbuda,ATG,Total tax rate (% of commercial profits),IC.TAX.TOTL.CP.ZS,,,,,,,,,,,,,,,,,,,,,,,,,,,,,,,,,,,,,,,,,,,,,,51.5,47.6,46.2,46.2,41,41,41,41,40.9,41.6,41.9,41.9,41.9,42.8
Australia,AUS,Total tax rate (% of commercial profits),IC.TAX.TOTL.CP.ZS,,,,,,,,,,,,,,,,,,,,,,,,,,,,,,,,,,,,,,,,,,,,,,52.1,51.1,50.1,50,47.8,47.6,47.3,47.2,47.3,47.4,47.6,47.6,47.5,47.4
Austria,AUT,Total tax rate (% of commercial profits),IC.TAX.TOTL.CP.ZS,,,,,,,,,,,,,,,,,,,,,,,,,,,,,,,,,,,,,,,,,,,,,,57.2,51.1,51.1,51.1,51.6,51.3,50.8,52.3,51.9,51.7,51.7,51.6,51.8,51.5
Azerbaijan,AZE,Total tax rate (% of commercial profits),IC.TAX.TOTL.CP.ZS,,,,,,,,,,,,,,,,,,,,,,,,,,,,,,,,,,,,,,,,,,,,,,46.4,42.4,40.9,40.9,40.9,38.9,40,40,39.8,39.8,39.8,39.8,39.8,40.8
Burundi,BDI,Total tax rate (% of commercial profits),IC.TAX.TOTL.CP.ZS,,,,,,,,,,,,,,,,,,,,,,,,,,,,,,,,,,,,,,,,,,,,,,280.2,280.2,280.2,280.2,280.2,154.9,46.5,46.5,45.2,40.3,40.3,40.1,41.5,41.2
Belgium,BEL,Total tax rate (% of commercial profits),IC.TAX.TOTL.CP.ZS,,,,,,,,,,,,,,,,,,,,,,,,,,,,,,,,,,,,,,,,,,,,,,60.1,59.9,57.9,55.9,55.2,57.3,57.7,58.2,58,58.4,58.4,58.7,57.1,57.7
Benin,BEN,Total tax rate (% of commercial profits),IC.TAX.TOTL.CP.ZS,,,,,,,,,,,,,,,,,,,,,,,,,,,,,,,,,,,,,,,,,,,,,,72.1,72.1,72.1,72.1,68.4,62.7,62.7,62.7,57.3,57.3,57.4,57.4,57.4,57.4
Burkina Faso,BFA,Total tax rate (% of commercial profits),IC.TAX.TOTL.CP.ZS,,,,,,,,,,,,,,,,,,,,,,,,,,,,,,,,,,,,,,,,,,,,,,47.6,47.6,47.6,44.5,44.5,44.8,42.7,42.7,41.3,41.3,41.3,41.3,41.3,41.3
Bangladesh,BGD,Total tax rate (% of commercial profits),IC.TAX.TOTL.CP.ZS,,,,,,,,,,,,,,,,,,,,,,,,,,,,,,,,,,,,,,,,,,,,,,,,,,,,,,35.4,35.4,34.4,34.4,33.4,33.4
Bulgaria,BGR,Total tax rate (% of commercial profits),IC.TAX.TOTL.CP.ZS,,,,,,,,,,,,,,,,,,,,,,,,,,,,,,,,,,,,,,,,,,,,,,45.2,41.6,35.8,33.9,30.4,28,27.2,27.8,27,27,27,27,27.1,27.7
Bahrain,BHR,Total tax rate (% of commercial profits),IC.TAX.TOTL.CP.ZS,,,,,,,,,,,,,,,,,,,,,,,,,,,,,,,,,,,,,,,,,,,,,,,,14.7,14.7,14.7,13.5,13.5,13.5,13.5,13.5,13.5,13.5,13.8,13.8
"Bahamas, The",BHS,Total tax rate (% of commercial profits),IC.TAX.TOTL.CP.ZS,,,,,,,,,,,,,,,,,,,,,,,,,,,,,,,,,,,,,,,,,,,,,,,,42.9,42.9,42.9,42.9,44.6,44.6,48.5,41.1,33.8,33.8,31.5,31.5
Bosnia and Herzegovina,BIH,Total tax rate (% of commercial profits),IC.TAX.TOTL.CP.ZS,,,,,,,,,,,,,,,,,,,,,,,,,,,,,,,,,,,,,,,,,,,,,,42.8,42.7,42.8,42.8,25.9,22.2,23.6,23.6,22.2,23.3,23.3,22.6,23.7,23.7
Belarus,BLR,Total tax rate (% of commercial profits),IC.TAX.TOTL.CP.ZS,,,,,,,,,,,,,,,,,,,,,,,,,,,,,,,,,,,,,,,,,,,,,,137.2,137.2,120.8,117.4,99.9,80.8,63,54.3,50.5,50.3,51.9,52.7,52.9,53.3
Belize,BLZ,Total tax rate (% of commercial profits),IC.TAX.TOTL.CP.ZS,,,,,,,,,,,,,,,,,,,,,,,,,,,,,,,,,,,,,,,,,,,,,,34.7,34.8,34.8,33.2,33.2,33.2,33.2,33.2,31.1,31.1,31.1,31.1,31.1,31.1
Bermuda,BMU,Total tax rate (% of commercial profits),IC.TAX.TOTL.CP.ZS,,,,,,,,,,,,,,,,,,,,,,,,,,,,,,,,,,,,,,,,,,,,,,,,,,,,,,,,,,,
Bolivia,BOL,Total tax rate (% of commercial profits),IC.TAX.TOTL.CP.ZS,,,,,,,,,,,,,,,,,,,,,,,,,,,,,,,,,,,,,,,,,,,,,,80,80,80,80,80,80,80,83.4,83.7,83.7,83.7,83.7,83.7,83.7
Brazil,BRA,Total tax rate (% of commercial profits),IC.TAX.TOTL.CP.ZS,,,,,,,,,,,,,,,,,,,,,,,,,,,,,,,,,,,,,,,,,,,,,,,,,,,,,,66.1,66,65.6,65.3,65.1,65.1
Barbados,BRB,Total tax rate (% of commercial profits),IC.TAX.TOTL.CP.ZS,,,,,,,,,,,,,,,,,,,,,,,,,,,,,,,,,,,,,,,,,,,,,,,,,,,,35,34.7,34.6,34.6,34.7,34.7,35.3,35.3
Brunei Darussalam,BRN,Total tax rate (% of commercial profits),IC.TAX.TOTL.CP.ZS,,,,,,,,,,,,,,,,,,,,,,,,,,,,,,,,,,,,,,,,,,,,,,,37.4,37.4,37.4,30.1,15.7,16.7,15.4,15.8,15.8,8,8,8,8
Bhutan,BTN,Total tax rate (% of commercial profits),IC.TAX.TOTL.CP.ZS,,,,,,,,,,,,,,,,,,,,,,,,,,,,,,,,,,,,,,,,,,,,,,37.3,37.3,37.3,37.3,37.3,37.3,37.3,37.3,35.3,35.3,35.3,35.3,35.3,35.3
Botswana,BWA,Total tax rate (% of commercial profits),IC.TAX.TOTL.CP.ZS,,,,,,,,,,,,,,,,,,,,,,,,,,,,,,,,,,,,,,,,,,,,,,17.1,17.1,17.1,17.1,17,19.5,19.5,25.4,25.3,25.1,25.1,25.1,25.1,25.1
Central African Republic,CAF,Total tax rate (% of commercial profits),IC.TAX.TOTL.CP.ZS,,,,,,,,,,,,,,,,,,,,,,,,,,,,,,,,,,,,,,,,,,,,,,65.7,203.8,203.8,203.8,203.8,203.8,54.6,67.4,73.3,73.3,73.3,73.3,73.3,73.3
Canada,CAN,Total tax rate (% of commercial profits),IC.TAX.TOTL.CP.ZS,,,,,,,,,,,,,,,,,,,,,,,,,,,,,,,,,,,,,,,,,,,,,,47.5,45,44.3,44.1,42.3,22,20.7,20.1,19.9,21.1,21.1,21,20.9,20.5
Central Europe and the Baltics,CEB,Total tax rate (% of commercial profits),IC.TAX.TOTL.CP.ZS,,,,,,,,,,,,,,,,,,,,,,,,,,,,,,,,,,,,,,,,,,,,,,44.95454545,43.17272727,42.32727273,41.99090909,41.4,40.71818182,40.79090909,41.42727273,39.28181818,39.11818182,39.39090909,39,39.00909091,38.48181818
Switzerland,CHE,Total tax rate (% of commercial profits),IC.TAX.TOTL.CP.ZS,,,,,,,,,,,,,,,,,,,,,,,,,,,,,,,,,,,,,,,,,,,,,,28.8,27.6,27.9,27.8,28.7,28.8,28.9,29.4,28.8,28.8,28.8,28.8,28.8,28.8
Channel Islands,CHI,Total tax rate (% of commercial profits),IC.TAX.TOTL.CP.ZS,,,,,,,,,,,,,,,,,,,,,,,,,,,,,,,,,,,,,,,,,,,,,,,,,,,,,,,,,,,
Chile,CHL,Total tax rate (% of commercial profits),IC.TAX.TOTL.CP.ZS,,,,,,,,,,,,,,,,,,,,,,,,,,,,,,,,,,,,,,,,,,,,,,25.3,25.1,25.1,25.1,24.8,24.5,24.5,27.7,27.7,28.9,29.9,31.4,33,34
China,CHN,Total tax rate (% of commercial profits),IC.TAX.TOTL.CP.ZS,,,,,,,,,,,,,,,,,,,,,,,,,,,,,,,,,,,,,,,,,,,,,,,,,,,,,,68.8,68.6,67.9,68.2,67.3,64.9
Cote d'Ivoire,CIV,Total tax rate (% of commercial profits),IC.TAX.TOTL.CP.ZS,,,,,,,,,,,,,,,,,,,,,,,,,,,,,,,,,,,,,,,,,,,,,,53.4,53.4,50.6,50.6,50.4,50.2,50.1,44.4,52.5,51.9,51.9,51.3,50.1,50.1
Cameroon,CMR,Total tax rate (% of commercial profits),IC.TAX.TOTL.CP.ZS,,,,,,,,,,,,,,,,,,,,,,,,,,,,,,,,,,,,,,,,,,,,,,50.6,50.8,50.8,50.4,48.8,48.8,48.8,48.8,48.8,48.8,48.8,57.7,57.7,57.7
"Congo, Dem. Rep.",COD,Total tax rate (% of commercial profits),IC.TAX.TOTL.CP.ZS,,,,,,,,,,,,,,,,,,,,,,,,,,,,,,,,,,,,,,,,,,,,,,288.1,288.1,288.1,263.3,292.7,339.1,339.1,339.1,55.7,54.7,54.6,54.6,54.6,54.6
"Congo, Rep.",COG,Total tax rate (% of commercial profits),IC.TAX.TOTL.CP.ZS,,,,,,,,,,,,,,,,,,,,,,,,,,,,,,,,,,,,,,,,,,,,,,64.5,64.5,64.5,64.5,64.5,64.5,63.1,64.5,55.8,55,56,54.3,54.3,54.3
Colombia,COL,Total tax rate (% of commercial profits),IC.TAX.TOTL.CP.ZS,,,,,,,,,,,,,,,,,,,,,,,,,,,,,,,,,,,,,,,,,,,,,,86.7,86.9,87.2,82.8,83,83,79.1,78.7,78.8,79.9,72.3,72.2,72.3,71.9
Comoros,COM,Total tax rate (% of commercial profits),IC.TAX.TOTL.CP.ZS,,,,,,,,,,,,,,,,,,,,,,,,,,,,,,,,,,,,,,,,,,,,,,217.9,217.9,217.9,217.9,217.9,217.9,217.9,217.9,216.5,216.5,216.5,216.5,216.5,219.6
Cabo Verde,CPV,Total tax rate (% of commercial profits),IC.TAX.TOTL.CP.ZS,,,,,,,,,,,,,,,,,,,,,,,,,,,,,,,,,,,,,,,,,,,,,,53.1,53.1,53.1,53.1,49.7,37.5,37.9,37.2,36.5,36.5,36.5,36.6,36.6,37
Costa Rica,CRI,Total tax rate (% of commercial profits),IC.TAX.TOTL.CP.ZS,,,,,,,,,,,,,,,,,,,,,,,,,,,,,,,,,,,,,,,,,,,,,,58.1,58.1,58.1,58.1,58.1,58.3,58.3,58.6,58.2,58.2,58.2,58.3,58.3,58.3
Caribbean small states,CSS,Total tax rate (% of commercial profits),IC.TAX.TOTL.CP.ZS,,,,,,,,,,,,,,,,,,,,,,,,,,,,,,,,,,,,,,,,,,,,,,41.40909091,40.90909091,40.625,40.4,39.85,39.41666667,38.70769231,38.65384615,38.47692308,37.46153846,36.55384615,36.23076923,36.46153846,36.77692308
Cuba,CUB,Total tax rate (% of commercial profits),IC.TAX.TOTL.CP.ZS,,,,,,,,,,,,,,,,,,,,,,,,,,,,,,,,,,,,,,,,,,,,,,,,,,,,,,,,,,,
Curacao,CUW,Total tax rate (% of commercial profits),IC.TAX.TOTL.CP.ZS,,,,,,,,,,,,,,,,,,,,,,,,,,,,,,,,,,,,,,,,,,,,,,,,,,,,,,,,,,,
Cayman Islands,CYM,Total tax rate (% of commercial profits),IC.TAX.TOTL.CP.ZS,,,,,,,,,,,,,,,,,,,,,,,,,,,,,,,,,,,,,,,,,,,,,,,,,,,,,,,,,,,
Cyprus,CYP,Total tax rate (% of commercial profits),IC.TAX.TOTL.CP.ZS,,,,,,,,,,,,,,,,,,,,,,,,,,,,,,,,,,,,,,,,,,,,,,,,,20.6,20.6,21.7,21.6,21.6,21.9,22.5,24,24.2,22.7,22.2
Czech Republic,CZE,Total tax rate (% of commercial profits),IC.TAX.TOTL.CP.ZS,,,,,,,,,,,,,,,,,,,,,,,,,,,,,,,,,,,,,,,,,,,,,,48.7,48.2,47.7,47.7,46.4,45.4,45.7,45.7,45.6,46.5,46.5,46.1,46.1,46.1
Germany,DEU,Total tax rate (% of commercial profits),IC.TAX.TOTL.CP.ZS,,,,,,,,,,,,,,,,,,,,,,,,,,,,,,,,,,,,,,,,,,,,,,47.7,47.4,49,49.4,43.9,47,45.6,45.9,49.1,48.8,48.8,48.9,48.9,49
Djibouti,DJI,Total tax rate (% of commercial profits),IC.TAX.TOTL.CP.ZS,,,,,,,,,,,,,,,,,,,,,,,,,,,,,,,,,,,,,,,,,,,,,,37.8,37.8,37.8,37.8,37.8,38.1,38.1,38.1,37.6,37.6,37.6,37.7,37.7,37.7
Dominica,DMA,Total tax rate (% of commercial profits),IC.TAX.TOTL.CP.ZS,,,,,,,,,,,,,,,,,,,,,,,,,,,,,,,,,,,,,,,,,,,,,,37,37,37,37,37,37,37.1,37.1,37,37,37,35.2,32.6,32.6
Denmark,DNK,Total tax rate (% of commercial profits),IC.TAX.TOTL.CP.ZS,,,,,,,,,,,,,,,,,,,,,,,,,,,,,,,,,,,,,,,,,,,,,,32.6,30.8,31.3,28.5,27.6,27.5,25.7,26.3,25.6,25.4,23.9,24.4,23.8,23.8
Dominican Republic,DOM,Total tax rate (% of commercial profits),IC.TAX.TOTL.CP.ZS,,,,,,,,,,,,,,,,,,,,,,,,,,,,,,,,,,,,,,,,,,,,,,35.5,35.8,39.5,35.2,38.4,40.1,41.2,43.4,43.5,43.5,43.5,42.4,48.8,48.8
Algeria,DZA,Total tax rate (% of commercial profits),IC.TAX.TOTL.CP.ZS,,,,,,,,,,,,,,,,,,,,,,,,,,,,,,,,,,,,,,,,,,,,,,76.9,76.9,74.2,74.2,72.5,72.5,72.5,72.4,72.3,73.2,73.2,66,66,66
East Asia & Pacific (excluding high income),EAP,Total tax rate (% of commercial profits),IC.TAX.TOTL.CP.ZS,,,,,,,,,,,,,,,,,,,,,,,,,,,,,,,,,,,,,,,,,,,,,,36.8,36.79411765,36.85882353,35.19411765,32.95294118,32.34117647,32.75882353,32.88888889,34.255,33.99,33.825,34.13,33.89,33.75
Early-demographic dividend,EAR,Total tax rate (% of commercial profits),IC.TAX.TOTL.CP.ZS,,,,,,,,,,,,,,,,,,,,,,,,,,,,,,,,,,,,,,,,,,,,,,43.9509434,40.94339623,40.02777778,39.95,39.20740741,38.8537037,38.69814815,38.93928571,38.99344262,38.37377049,38.43934426,37.38360656,37.62295082,37.60819672
East Asia & Pacific,EAS,Total tax rate (% of commercial profits),IC.TAX.TOTL.CP.ZS,,,,,,,,,,,,,,,,,,,,,,,,,,,,,,,,,,,,,,,,,,,,,,37.84166667,37.544,37.652,36.716,34.588,33.528,33.768,33.61153846,35.05517241,34.87241379,34.50689655,34.70344828,34.52758621,34.43793103
Europe & Central Asia (excluding high income),ECA,Total tax rate (% of commercial profits),IC.TAX.TOTL.CP.ZS,,,,,,,,,,,,,,,,,,,,,,,,,,,,,,,,,,,,,,,,,,,,,,57.00588235,54.37222222,50.51111111,50.37222222,44.58947368,40.15789474,39.10526316,38.47894737,37.87,34.79,35.235,34.225,33.61,33.27
Europe & Central Asia,ECS,Total tax rate (% of commercial profits),IC.TAX.TOTL.CP.ZS,,,,,,,,,,,,,,,,,,,,,,,,,,,,,,,,,,,,,,,,,,,,,,50.5,48.28,46.61111111,45.58913043,42.98723404,41.14042553,40.34680851,40.30625,39.93265306,38.73469388,38.59795918,37.93265306,37.23469388,36.97346939
Ecuador,ECU,Total tax rate (% of commercial profits),IC.TAX.TOTL.CP.ZS,,,,,,,,,,,,,,,,,,,,,,,,,,,,,,,,,,,,,,,,,,,,,,35.2,35.2,35.2,34.8,34.8,35.2,34.4,34.4,33.5,32.8,32.8,32.5,32.5,32.3
"Egypt, Arab Rep.",EGY,Total tax rate (% of commercial profits),IC.TAX.TOTL.CP.ZS,,,,,,,,,,,,,,,,,,,,,,,,,,,,,,,,,,,,,,,,,,,,,,54.4,46.4,45.1,44,43,42.5,43.6,42.6,40.1,44.7,44.9,43.5,45.3,46.4
Euro area,EMU,Total tax rate (% of commercial profits),IC.TAX.TOTL.CP.ZS,,,,,,,,,,,,,,,,,,,,,,,,,,,,,,,,,,,,,,,,,,,,,,51.125,47.87058824,47.42352941,44.96111111,44.28888889,44.27777778,43.25789474,43.86315789,43.90526316,44.37894737,43.64210526,43.47894737,42.49473684,42.58947368
Eritrea,ERI,Total tax rate (% of commercial profits),IC.TAX.TOTL.CP.ZS,,,,,,,,,,,,,,,,,,,,,,,,,,,,,,,,,,,,,,,,,,,,,,84.5,84.5,84.5,84.5,84.5,84.5,84.5,84.5,83.7,83.7,83.7,83.7,83.7,83.7
Spain,ESP,Total tax rate (% of commercial profits),IC.TAX.TOTL.CP.ZS,,,,,,,,,,,,,,,,,,,,,,,,,,,,,,,,,,,,,,,,,,,,,,60.4,60.5,60.7,58.8,55.8,55.3,37.6,37.6,56.9,57.9,49.8,48.7,46.9,47
Estonia,EST,Total tax rate (% of commercial profits),IC.TAX.TOTL.CP.ZS,,,,,,,,,,,,,,,,,,,,,,,,,,,,,,,,,,,,,,,,,,,,,,50.6,49.4,48.7,48.1,48.4,48.8,57.8,66.8,49.7,49.4,49.4,48.7,48.7,48.7
Ethiopia,ETH,Total tax rate (% of commercial profits),IC.TAX.TOTL.CP.ZS,,,,,,,,,,,,,,,,,,,,,,,,,,,,,,,,,,,,,,,,,,,,,,29.1,29.1,29.1,29.1,29.1,29.1,29.1,33.2,35,35.7,36.9,37.7,37.7,37.7
European Union,EUU,Total tax rate (% of commercial profits),IC.TAX.TOTL.CP.ZS,,,,,,,,,,,,,,,,,,,,,,,,,,,,,,,,,,,,,,,,,,,,,,48.268,45.7,45.16923077,43.52222222,42.78888889,42.47037037,41.625,41.95714286,41.82142857,41.93928571,41.36428571,41.11428571,40.41785714,40.26428571
Fragile and conflict affected situations,FCS,Total tax rate (% of commercial profits),IC.TAX.TOTL.CP.ZS,,,,,,,,,,,,,,,,,,,,,,,,,,,,,,,,,,,,,,,,,,,,,,82.55172414,80.36333333,80.82666667,79.68666667,77.28709677,74.50967742,65.17096774,62.02352941,53.61764706,47.03823529,47.20588235,47.45294118,48.18235294,48.30294118
Finland,FIN,Total tax rate (% of commercial profits),IC.TAX.TOTL.CP.ZS,,,,,,,,,,,,,,,,,,,,,,,,,,,,,,,,,,,,,,,,,,,,,,49.5,47.7,47.8,47.8,47.7,40.8,39.1,40.6,39.9,40.1,37.9,38.1,38.4,37.3
Fiji,FJI,Total tax rate (% of commercial profits),IC.TAX.TOTL.CP.ZS,,,,,,,,,,,,,,,,,,,,,,,,,,,,,,,,,,,,,,,,,,,,,,41.5,41.5,41.5,41.5,41.2,39.3,38.3,37.6,31.1,31.1,31.1,33.1,32,32.2
France,FRA,Total tax rate (% of commercial profits),IC.TAX.TOTL.CP.ZS,,,,,,,,,,,,,,,,,,,,,,,,,,,,,,,,,,,,,,,,,,,,,,68.3,68.2,68.3,67.7,68,68,68,69.7,69.8,71.3,64.9,64.1,62.6,60.4
Faroe Islands,FRO,Total tax rate (% of commercial profits),IC.TAX.TOTL.CP.ZS,,,,,,,,,,,,,,,,,,,,,,,,,,,,,,,,,,,,,,,,,,,,,,,,,,,,,,,,,,,
"Micronesia, Fed. Sts.",FSM,Total tax rate (% of commercial profits),IC.TAX.TOTL.CP.ZS,,,,,,,,,,,,,,,,,,,,,,,,,,,,,,,,,,,,,,,,,,,,,,59.6,59.6,58.7,58.7,58.7,58.7,59,59.9,60,60.5,60.5,60.5,60.5,60.5
Gabon,GAB,Total tax rate (% of commercial profits),IC.TAX.TOTL.CP.ZS,,,,,,,,,,,,,,,,,,,,,,,,,,,,,,,,,,,,,,,,,,,,,,46,45.7,45.7,45.7,45.7,44.4,44.4,44.4,44.2,41.7,46.8,46.8,46.8,47.1
United Kingdom,GBR,Total tax rate (% of commercial profits),IC.TAX.TOTL.CP.ZS,,,,,,,,,,,,,,,,,,,,,,,,,,,,,,,,,,,,,,,,,,,,,,34.7,34.6,34.6,34.2,34.9,36.1,36.2,35,34.7,33.5,32,30.9,30.7,30
Georgia,GEO,Total tax rate (% of commercial profits),IC.TAX.TOTL.CP.ZS,,,,,,,,,,,,,,,,,,,,,,,,,,,,,,,,,,,,,,,,,,,,,,57,38.6,38.6,38.6,15.3,15.3,16.5,16.5,16.4,16.4,16.4,16.4,16.4,9.9
Ghana,GHA,Total tax rate (% of commercial profits),IC.TAX.TOTL.CP.ZS,,,,,,,,,,,,,,,,,,,,,,,,,,,,,,,,,,,,,,,,,,,,,,39.1,35.3,32.1,31.9,31.9,31.9,32.9,32.8,32.7,32.7,32.7,32.7,33.2,32.4
Gibraltar,GIB,Total tax rate (% of commercial profits),IC.TAX.TOTL.CP.ZS,,,,,,,,,,,,,,,,,,,,,,,,,,,,,,,,,,,,,,,,,,,,,,,,,,,,,,,,,,,
Guinea,GIN,Total tax rate (% of commercial profits),IC.TAX.TOTL.CP.ZS,,,,,,,,,,,,,,,,,,,,,,,,,,,,,,,,,,,,,,,,,,,,,,71.6,71.6,71.6,71.6,71.6,78.7,83.1,83.1,61.4,61.4,61.4,61.4,61.4,61.4
"Gambia, The",GMB,Total tax rate (% of commercial profits),IC.TAX.TOTL.CP.ZS,,,,,,,,,,,,,,,,,,,,,,,,,,,,,,,,,,,,,,,,,,,,,,279.9,285.9,285.9,285.9,285.9,285.9,277.1,277.1,272.1,60.1,51.3,51.3,51.3,51.3
Guinea-Bissau,GNB,Total tax rate (% of commercial profits),IC.TAX.TOTL.CP.ZS,,,,,,,,,,,,,,,,,,,,,,,,,,,,,,,,,,,,,,,,,,,,,,54.2,45.9,45.9,45.9,45.9,45.9,45.9,45.9,45.5,45.5,45.5,45.5,45.5,45.5
Equatorial Guinea,GNQ,Total tax rate (% of commercial profits),IC.TAX.TOTL.CP.ZS,,,,,,,,,,,,,,,,,,,,,,,,,,,,,,,,,,,,,,,,,,,,,,47.1,47.1,47.1,47.1,47.1,47.1,47.1,47.1,47.1,47.1,47.1,79.4,79.4,79.4
Greece,GRC,Total tax rate (% of commercial profits),IC.TAX.TOTL.CP.ZS,,,,,,,,,,,,,,,,,,,,,,,,,,,,,,,,,,,,,,,,,,,,,,54,49.5,48.9,46.7,46.7,46.7,45.9,44.1,44,50.7,49.6,50.7,51.7,51.9
Grenada,GRD,Total tax rate (% of commercial profits),IC.TAX.TOTL.CP.ZS,,,,,,,,,,,,,,,,,,,,,,,,,,,,,,,,,,,,,,,,,,,,,,45.3,45.3,45.3,45.3,45.3,45.3,45.3,45.3,45.3,45.3,45.3,45.3,48.4,47.8
Greenland,GRL,Total tax rate (% of commercial profits),IC.TAX.TOTL.CP.ZS,,,,,,,,,,,,,,,,,,,,,,,,,,,,,,,,,,,,,,,,,,,,,,,,,,,,,,,,,,,
Guatemala,GTM,Total tax rate (% of commercial profits),IC.TAX.TOTL.CP.ZS,,,,,,,,,,,,,,,,,,,,,,,,,,,,,,,,,,,,,,,,,,,,,,41.1,41.1,41.1,40.9,40.9,40.9,40.9,40.9,40.9,39.9,37.5,35.2,35.2,35.2
Guam,GUM,Total tax rate (% of commercial profits),IC.TAX.TOTL.CP.ZS,,,,,,,,,,,,,,,,,,,,,,,,,,,,,,,,,,,,,,,,,,,,,,,,,,,,,,,,,,,
Guyana,GUY,Total tax rate (% of commercial profits),IC.TAX.TOTL.CP.ZS,,,,,,,,,,,,,,,,,,,,,,,,,,,,,,,,,,,,,,,,,,,,,,39,39,39,39,38.8,38.8,35.9,35.9,32,32.3,32.3,32.3,32.3,30.6
High income,HIC,Total tax rate (% of commercial profits),IC.TAX.TOTL.CP.ZS,,,,,,,,,,,,,,,,,,,,,,,,,,,,,,,,,,,,,,,,,,,,,,44.25625,42.794,41.48113208,40.29259259,39.45555556,38.68518519,38.04285714,37.82631579,38.30508475,38.92881356,38.50847458,37.8,37.47627119,37.51016949
"Hong Kong SAR, China",HKG,Total tax rate (% of commercial profits),IC.TAX.TOTL.CP.ZS,,,,,,,,,,,,,,,,,,,,,,,,,,,,,,,,,,,,,,,,,,,,,,24.1,24.1,24.1,24.1,23,23,23,23,22.6,22.8,22.8,22.9,22.9,22.9
Honduras,HND,Total tax rate (% of commercial profits),IC.TAX.TOTL.CP.ZS,,,,,,,,,,,,,,,,,,,,,,,,,,,,,,,,,,,,,,,,,,,,,,43.5,43.5,43.5,43.5,43.5,43.5,43.1,39.5,42.6,41.8,44.3,44.4,44.4,44.4
Heavily indebted poor countries (HIPC),HPC,Total tax rate (% of commercial profits),IC.TAX.TOTL.CP.ZS,,,,,,,,,,,,,,,,,,,,,,,,,,,,,,,,,,,,,,,,,,,,,,80.61351351,82.56052632,81.35,80.31052632,80.66052632,77.83947368,65.42105263,65.33947368,56.96842105,51.43947368,51.84736842,52.21842105,52.83947368,52.85
Croatia,HRV,Total tax rate (% of commercial profits),IC.TAX.TOTL.CP.ZS,,,,,,,,,,,,,,,,,,,,,,,,,,,,,,,,,,,,,,,,,,,,,,20.8,20.8,20.8,20.8,20.8,21.5,21.3,21.2,19.3,18.4,20,20.9,20.6,20.5
Haiti,HTI,Total tax rate (% of commercial profits),IC.TAX.TOTL.CP.ZS,,,,,,,,,,,,,,,,,,,,,,,,,,,,,,,,,,,,,,,,,,,,,,40.4,40.4,40.4,40.4,40.4,40.4,40.4,40.4,40.3,40.3,40.3,40.3,42.8,42.7
Hungary,HUN,Total tax rate (% of commercial profits),IC.TAX.TOTL.CP.ZS,,,,,,,,,,,,,,,,,,,,,,,,,,,,,,,,,,,,,,,,,,,,,,53.6,52.9,55.2,56.4,56.4,54.5,51.8,49.7,49.2,47.9,48.2,46.3,46.4,40.3
IBRD only,IBD,Total tax rate (% of commercial profits),IC.TAX.TOTL.CP.ZS,,,,,,,,,,,,,,,,,,,,,,,,,,,,,,,,,,,,,,,,,,,,,,47.53728814,46.435,45.655,44.695,43.15333333,42.64,42.47,41.13114754,41.99253731,42.04179104,41.90447761,41.70149254,41.71044776,41.73731343
IDA & IBRD total,IBT,Total tax rate (% of commercial profits),IC.TAX.TOTL.CP.ZS,,,,,,,,,,,,,,,,,,,,,,,,,,,,,,,,,,,,,,,,,,,,,,56.7808,55.88346457,55.02204724,54.17086614,52.71484375,51.22890625,47.3515625,46.50305344,44.00857143,42.155,42.19285714,42.08571429,42.26785714,42.28714286
IDA total,IDA,Total tax rate (% of commercial profits),IC.TAX.TOTL.CP.ZS,,,,,,,,,,,,,,,,,,,,,,,,,,,,,,,,,,,,,,,,,,,,,,65.04393939,64.34477612,63.41044776,62.65671642,61.15147059,58.80735294,51.65882353,51.18428571,45.85890411,42.25890411,42.45753425,42.43835616,42.77945205,42.79178082
IDA blend,IDB,Total tax rate (% of commercial profits),IC.TAX.TOTL.CP.ZS,,,,,,,,,,,,,,,,,,,,,,,,,,,,,,,,,,,,,,,,,,,,,,48.97857143,49.83571429,49.39285714,48.77142857,43.55714286,42.67857143,42.44285714,42.21428571,40.125,36.66875,36.83125,37.13125,37.20625,36.80625
Indonesia,IDN,Total tax rate (% of commercial profits),IC.TAX.TOTL.CP.ZS,,,,,,,,,,,,,,,,,,,,,,,,,,,,,,,,,,,,,,,,,,,,,,,,,,,,,,32.2,31.4,29.7,30.6,30,30.1
IDA only,IDX,Total tax rate (% of commercial profits),IC.TAX.TOTL.CP.ZS,,,,,,,,,,,,,,,,,,,,,,,,,,,,,,,,,,,,,,,,,,,,,,69.36923077,68.17735849,67.11320755,66.3245283,65.71296296,62.98888889,54.04814815,53.42678571,47.46842105,43.82807018,44.03684211,43.92807018,44.34385965,44.47192982
Isle of Man,IMN,Total tax rate (% of commercial profits),IC.TAX.TOTL.CP.ZS,,,,,,,,,,,,,,,,,,,,,,,,,,,,,,,,,,,,,,,,,,,,,,,,,,,,,,,,,,,
India,IND,Total tax rate (% of commercial profits),IC.TAX.TOTL.CP.ZS,,,,,,,,,,,,,,,,,,,,,,,,,,,,,,,,,,,,,,,,,,,,,,,,,,,,,,55.7,55.5,55.5,56.2,56.2,52.1
Not classified,INX,Total tax rate (% of commercial profits),IC.TAX.TOTL.CP.ZS,,,,,,,,,,,,,,,,,,,,,,,,,,,,,,,,,,,,,,,,,,,,,,,,,,,,,,,,,,,
Ireland,IRL,Total tax rate (% of commercial profits),IC.TAX.TOTL.CP.ZS,,,,,,,,,,,,,,,,,,,,,,,,,,,,,,,,,,,,,,,,,,,,,,25.4,25.4,25.4,25.5,25.6,25.4,25.5,25.6,25.9,26,26,26,26,26
"Iran, Islamic Rep.",IRN,Total tax rate (% of commercial profits),IC.TAX.TOTL.CP.ZS,,,,,,,,,,,,,,,,,,,,,,,,,,,,,,,,,,,,,,,,,,,,,,44.2,44.2,44.2,44.2,44.2,44.1,44.1,44.1,44.1,44.1,44.1,44.7,44.7,44.7
Iraq,IRQ,Total tax rate (% of commercial profits),IC.TAX.TOTL.CP.ZS,,,,,,,,,,,,,,,,,,,,,,,,,,,,,,,,,,,,,,,,,,,,,,26.1,29.9,29.9,29.9,29.9,29.9,29.9,29.9,31.5,31.5,31.5,31.5,30.8,30.8
Iceland,ISL,Total tax rate (% of commercial profits),IC.TAX.TOTL.CP.ZS,,,,,,,,,,,,,,,,,,,,,,,,,,,,,,,,,,,,,,,,,,,,,,26.8,26.8,26.3,26.1,24.4,26.4,30.3,31.1,30.3,30.3,30.1,30.1,29.7,29.4
Israel,ISR,Total tax rate (% of commercial profits),IC.TAX.TOTL.CP.ZS,,,,,,,,,,,,,,,,,,,,,,,,,,,,,,,,,,,,,,,,,,,,,,35.5,34.8,32.9,30.1,28.3,27.5,26.8,25.6,26.4,26.7,27.9,28.1,27,26.2
Italy,ITA,Total tax rate (% of commercial profits),IC.TAX.TOTL.CP.ZS,,,,,,,,,,,,,,,,,,,,,,,,,,,,,,,,,,,,,,,,,,,,,,76.7,75.3,75.3,72.5,67.6,67.6,67.6,67.6,65.6,65.2,64.8,62,48,53.1
Jamaica,JAM,Total tax rate (% of commercial profits),IC.TAX.TOTL.CP.ZS,,,,,,,,,,,,,,,,,,,,,,,,,,,,,,,,,,,,,,,,,,,,,,47.9,47.9,47.9,47.9,47.9,46.7,46.6,46.6,46.5,41.1,35.3,33.1,33.1,35.1
Jordan,JOR,Total tax rate (% of commercial profits),IC.TAX.TOTL.CP.ZS,,,,,,,,,,,,,,,,,,,,,,,,,,,,,,,,,,,,,,,,,,,,,,31.1,31.1,31.1,31.1,31.1,31.2,28.2,28.6,29.1,29,29.5,27.6,28.1,28.6
Japan,JPN,Total tax rate (% of commercial profits),IC.TAX.TOTL.CP.ZS,,,,,,,,,,,,,,,,,,,,,,,,,,,,,,,,,,,,,,,,,,,,,,,,,,,,,,48.7,50.3,50.4,48.8,47.4,46.7
Kazakhstan,KAZ,Total tax rate (% of commercial profits),IC.TAX.TOTL.CP.ZS,,,,,,,,,,,,,,,,,,,,,,,,,,,,,,,,,,,,,,,,,,,,,,45,45,41.9,42,36.2,29.8,29,29,28.9,28.9,29.2,29.2,29.2,29.4
Kenya,KEN,Total tax rate (% of commercial profits),IC.TAX.TOTL.CP.ZS,,,,,,,,,,,,,,,,,,,,,,,,,,,,,,,,,,,,,,,,,,,,,,49.8,49.8,49.3,49.3,49.3,49.3,48.9,43.7,37.4,37.1,37.1,37.4,37.4,37.2
Kyrgyz Republic,KGZ,Total tax rate (% of commercial profits),IC.TAX.TOTL.CP.ZS,,,,,,,,,,,,,,,,,,,,,,,,,,,,,,,,,,,,,,,,,,,,,,68.3,67.4,61.7,61.7,59.4,30.6,33.4,33.4,29,29,29,29,29,29
Cambodia,KHM,Total tax rate (% of commercial profits),IC.TAX.TOTL.CP.ZS,,,,,,,,,,,,,,,,,,,,,,,,,,,,,,,,,,,,,,,,,,,,,,21.5,21.5,21.5,21.5,22.6,22.6,22.6,22.6,21,21,21,21,21.7,21.7
Kiribati,KIR,Total tax rate (% of commercial profits),IC.TAX.TOTL.CP.ZS,,,,,,,,,,,,,,,,,,,,,,,,,,,,,,,,,,,,,,,,,,,,,,31.8,31.8,31.8,31.8,31.8,31.8,31.8,31.8,32.7,32.7,32.7,32.7,32.7,32.7
St. Kitts and Nevis,KNA,Total tax rate (% of commercial profits),IC.TAX.TOTL.CP.ZS,,,,,,,,,,,,,,,,,,,,,,,,,,,,,,,,,,,,,,,,,,,,,,52.3,52.3,52.5,52.5,52.5,52.5,52.5,51.9,51.6,49.7,49.7,49.7,49.7,49.7
"Korea, Rep.",KOR,Total tax rate (% of commercial profits),IC.TAX.TOTL.CP.ZS,,,,,,,,,,,,,,,,,,,,,,,,,,,,,,,,,,,,,,,,,,,,,,36.8,32.5,31.6,33.9,32.3,30.2,34.1,34,33.4,33.2,33.2,33.1,33.1,33.1
Kuwait,KWT,Total tax rate (% of commercial profits),IC.TAX.TOTL.CP.ZS,,,,,,,,,,,,,,,,,,,,,,,,,,,,,,,,,,,,,,,,,,,,,,10.7,10.7,10.7,10.7,10.7,10.7,10.7,12.4,12.4,12.8,13,13,13,13
Latin America & Caribbean (excluding high income),LAC,Total tax rate (% of commercial profits),IC.TAX.TOTL.CP.ZS,,,,,,,,,,,,,,,,,,,,,,,,,,,,,,,,,,,,,,,,,,,,,,46.42380952,45.88571429,45.7952381,45.25714286,45.53809524,45.05714286,45.27619048,45.22380952,46.56521739,46.14347826,45.60434783,45.04782609,45.45652174,45.52608696
Lao PDR,LAO,Total tax rate (% of commercial profits),IC.TAX.TOTL.CP.ZS,,,,,,,,,,,,,,,,,,,,,,,,,,,,,,,,,,,,,,,,,,,,,,35.2,35.2,35.2,33.5,31.4,31.4,31.4,31.4,26.3,25.8,25.3,26.2,26.2,24.1
Lebanon,LBN,Total tax rate (% of commercial profits),IC.TAX.TOTL.CP.ZS,,,,,,,,,,,,,,,,,,,,,,,,,,,,,,,,,,,,,,,,,,,,,,35.4,35.4,35.4,30.6,30.6,30.6,30.6,30.6,30,30.3,30.3,30.3,30.3,31.1
Liberia,LBR,Total tax rate (% of commercial profits),IC.TAX.TOTL.CP.ZS,,,,,,,,,,,,,,,,,,,,,,,,,,,,,,,,,,,,,,,,,,,,,,,42.5,42.2,42.5,42.5,42.5,42.5,25.3,26.9,31.4,47.7,45.5,45.5,45.5
Libya,LBY,Total tax rate (% of commercial profits),IC.TAX.TOTL.CP.ZS,,,,,,,,,,,,,,,,,,,,,,,,,,,,,,,,,,,,,,,,,,,,,,,,,,,,,32.6,32.6,32.6,32.6,32.6,32.6,32.6
St. Lucia,LCA,Total tax rate (% of commercial profits),IC.TAX.TOTL.CP.ZS,,,,,,,,,,,,,,,,,,,,,,,,,,,,,,,,,,,,,,,,,,,,,,35.7,34,34,34,34.4,34,34.4,34.6,34.7,34.7,34.7,34.7,34.7,34.7
Latin America & Caribbean,LCN,Total tax rate (% of commercial profits),IC.TAX.TOTL.CP.ZS,,,,,,,,,,,,,,,,,,,,,,,,,,,,,,,,,,,,,,,,,,,,,,49.07931034,48.55517241,48.14333333,46.93666667,46.91333333,46.62666667,46.30322581,45.83548387,47.07878788,47.62424242,47.07575758,45.6969697,46.10606061,46.31818182
Least developed countries: UN classification,LDC,Total tax rate (% of commercial profits),IC.TAX.TOTL.CP.ZS,,,,,,,,,,,,,,,,,,,,,,,,,,,,,,,,,,,,,,,,,,,,,,75.55121951,74.01190476,72.96666667,71.61666667,71.39761905,68.84047619,57.31666667,56.23636364,48.47111111,43.86666667,43.98222222,44.18,44.71555556,44.88222222
Low income,LIC,Total tax rate (% of commercial profits),IC.TAX.TOTL.CP.ZS,,,,,,,,,,,,,,,,,,,,,,,,,,,,,,,,,,,,,,,,,,,,,,90.99666667,88.84516129,88.19677419,87.83225806,87.29354839,84.88709677,69.16451613,67.840625,57.578125,50.775,51.034375,50.875,51.725,52.05625
Liechtenstein,LIE,Total tax rate (% of commercial profits),IC.TAX.TOTL.CP.ZS,,,,,,,,,,,,,,,,,,,,,,,,,,,,,,,,,,,,,,,,,,,,,,,,,,,,,,,,,,,
Sri Lanka,LKA,Total tax rate (% of commercial profits),IC.TAX.TOTL.CP.ZS,,,,,,,,,,,,,,,,,,,,,,,,,,,,,,,,,,,,,,,,,,,,,,56.7,59.8,61.7,61.7,61.7,96.6,112.9,55.3,57,55.4,55.2,55.2,55.2,55.2
Lower middle income,LMC,Total tax rate (% of commercial profits),IC.TAX.TOTL.CP.ZS,,,,,,,,,,,,,,,,,,,,,,,,,,,,,,,,,,,,,,,,,,,,,,47.29,46.49,45.4675,44.4475,42.36829268,40.90487805,41.69268293,39.84761905,39.48297872,38.51276596,38.38510638,38.4212766,38.15319149,37.78297872
Low & middle income,LMY,Total tax rate (% of commercial profits),IC.TAX.TOTL.CP.ZS,,,,,,,,,,,,,,,,,,,,,,,,,,,,,,,,,,,,,,,,,,,,,,56.90782609,55.92735043,55.02051282,54.33333333,52.85423729,51.28050847,47.21779661,46.33636364,43.59923077,41.42076923,41.43230769,41.54153846,41.69461538,41.67076923
Lesotho,LSO,Total tax rate (% of commercial profits),IC.TAX.TOTL.CP.ZS,,,,,,,,,,,,,,,,,,,,,,,,,,,,,,,,,,,,,,,,,,,,,,20.1,20.1,15.9,14.2,14.2,14.2,14,13.8,13.6,13.6,13.6,13.6,13.6,13.6
Late-demographic dividend,LTE,Total tax rate (% of commercial profits),IC.TAX.TOTL.CP.ZS,,,,,,,,,,,,,,,,,,,,,,,,,,,,,,,,,,,,,,,,,,,,,,42.9975,41.75714286,40.49318182,39.05111111,37.27333333,36.48444444,36.77111111,35.18666667,36.19375,36.15208333,35.76666667,35.76041667,35.79375,35.70833333
Lithuania,LTU,Total tax rate (% of commercial profits),IC.TAX.TOTL.CP.ZS,,,,,,,,,,,,,,,,,,,,,,,,,,,,,,,,,,,,,,,,,,,,,,51.2,47.6,46.2,45.6,43.6,45.1,43.1,43,42.9,42.4,42.6,42.6,42.7,42.6
Luxembourg,LUX,Total tax rate (% of commercial profits),IC.TAX.TOTL.CP.ZS,,,,,,,,,,,,,,,,,,,,,,,,,,,,,,,,,,,,,,,,,,,,,,,20.4,20,20,20,20,19.8,20,20.4,20.6,20.6,20.8,20.5,20.5
Latvia,LVA,Total tax rate (% of commercial profits),IC.TAX.TOTL.CP.ZS,,,,,,,,,,,,,,,,,,,,,,,,,,,,,,,,,,,,,,,,,,,,,,36.2,36.2,36.2,36.6,37.5,37.5,37,35.8,35,35,35.9,35.9,35.9,36
"Macao SAR, China",MAC,Total tax rate (% of commercial profits),IC.TAX.TOTL.CP.ZS,,,,,,,,,,,,,,,,,,,,,,,,,,,,,,,,,,,,,,,,,,,,,,,,,,,,,,,,,,,
St. Martin (French part),MAF,Total tax rate (% of commercial profits),IC.TAX.TOTL.CP.ZS,,,,,,,,,,,,,,,,,,,,,,,,,,,,,,,,,,,,,,,,,,,,,,,,,,,,,,,,,,,
Morocco,MAR,Total tax rate (% of commercial profits),IC.TAX.TOTL.CP.ZS,,,,,,,,,,,,,,,,,,,,,,,,,,,,,,,,,,,,,,,,,,,,,,51.7,51.7,52.9,52.9,49.4,49.7,49.7,49.7,48.8,49,49.1,49.3,49.8,49.8
Monaco,MCO,Total tax rate (% of commercial profits),IC.TAX.TOTL.CP.ZS,,,,,,,,,,,,,,,,,,,,,,,,,,,,,,,,,,,,,,,,,,,,,,,,,,,,,,,,,,,
Moldova,MDA,Total tax rate (% of commercial profits),IC.TAX.TOTL.CP.ZS,,,,,,,,,,,,,,,,,,,,,,,,,,,,,,,,,,,,,,,,,,,,,,47.5,45.5,42.5,42,31,30.4,30.8,30.8,39.4,39.4,39.9,40.4,40.5,40.5
Madagascar,MDG,Total tax rate (% of commercial profits),IC.TAX.TOTL.CP.ZS,,,,,,,,,,,,,,,,,,,,,,,,,,,,,,,,,,,,,,,,,,,,,,45.3,45,45,47.1,42.8,42,41.2,39.8,38.9,38.1,38.1,38.1,38.1,38.3
Maldives,MDV,Total tax rate (% of commercial profits),IC.TAX.TOTL.CP.ZS,,,,,,,,,,,,,,,,,,,,,,,,,,,,,,,,,,,,,,,,,,,,,,9.3,9.3,9.3,9.3,9.3,9.3,9.3,25.9,30.2,30.2,30.2,30.2,30.2,30.2
Middle East & North Africa,MEA,Total tax rate (% of commercial profits),IC.TAX.TOTL.CP.ZS,,,,,,,,,,,,,,,,,,,,,,,,,,,,,,,,,,,,,,,,,,,,,,45.67647059,36.49411765,33.77368421,33.02631579,32.75789474,32.65789474,32.245,32.24761905,31.87142857,32.26190476,32.33809524,32.05714286,32.30952381,32.37142857
Mexico,MEX,Total tax rate (% of commercial profits),IC.TAX.TOTL.CP.ZS,,,,,,,,,,,,,,,,,,,,,,,,,,,,,,,,,,,,,,,,,,,,,,,,,,,,,,51.7,51.8,51.9,52,52.1,53
Marshall Islands,MHL,Total tax rate (% of commercial profits),IC.TAX.TOTL.CP.ZS,,,,,,,,,,,,,,,,,,,,,,,,,,,,,,,,,,,,,,,,,,,,,,64.8,64.8,64.8,64.8,64.8,64.8,64.8,64.8,64.8,64.8,64.8,64.8,64.8,65.7
Middle income,MIC,Total tax rate (% of commercial profits),IC.TAX.TOTL.CP.ZS,,,,,,,,,,,,,,,,,,,,,,,,,,,,,,,,,,,,,,,,,,,,,,44.87647059,44.06162791,43.06162791,42.25813953,40.58275862,39.30574713,39.39770115,38.60449438,39.03469388,38.36632653,38.29693878,38.49387755,38.41938776,38.27959184
"Macedonia, FYR",MKD,Total tax rate (% of commercial profits),IC.TAX.TOTL.CP.ZS,,,,,,,,,,,,,,,,,,,,,,,,,,,,,,,,,,,,,,,,,,,,,,17.8,17.8,17.8,15.4,13,8.1,7.5,7.4,7.4,8.3,13,13,13,13
Mali,MLI,Total tax rate (% of commercial profits),IC.TAX.TOTL.CP.ZS,,,,,,,,,,,,,,,,,,,,,,,,,,,,,,,,,,,,,,,,,,,,,,51.4,51.4,51.4,51.4,51.4,51.4,51.1,51.1,48.3,48.3,48.3,48.3,48.3,48.3
Malta,MLT,Total tax rate (% of commercial profits),IC.TAX.TOTL.CP.ZS,,,,,,,,,,,,,,,,,,,,,,,,,,,,,,,,,,,,,,,,,,,,,,,,,,,,41.4,41.4,41.4,41.5,41.5,43.8,43.9,44
Myanmar,MMR,Total tax rate (% of commercial profits),IC.TAX.TOTL.CP.ZS,,,,,,,,,,,,,,,,,,,,,,,,,,,,,,,,,,,,,,,,,,,,,,,,,,,,,39.5,35.4,34,33.1,31.9,31.2,31.2
Middle East & North Africa (excluding high income),MNA,Total tax rate (% of commercial profits),IC.TAX.TOTL.CP.ZS,,,,,,,,,,,,,,,,,,,,,,,,,,,,,,,,,,,,,,,,,,,,,,56.79166667,43.8,43.45833333,42.50833333,42.25,42.25833333,40.86666667,40.10769231,39.37692308,39.95384615,39.81538462,39.07692308,39.53846154,39.42307692
Montenegro,MNE,Total tax rate (% of commercial profits),IC.TAX.TOTL.CP.ZS,,,,,,,,,,,,,,,,,,,,,,,,,,,,,,,,,,,,,,,,,,,,,,,33.2,33.2,33.8,30.1,29.2,24.6,21.8,21.8,21.8,21.8,22.2,22.1,22.2
Mongolia,MNG,Total tax rate (% of commercial profits),IC.TAX.TOTL.CP.ZS,,,,,,,,,,,,,,,,,,,,,,,,,,,,,,,,,,,,,,,,,,,,,,40,40,40,33.9,24.4,24.7,24.7,24.9,24.8,24.7,24.7,24.7,24.7,24.7
Northern Mariana Islands,MNP,Total tax rate (% of commercial profits),IC.TAX.TOTL.CP.ZS,,,,,,,,,,,,,,,,,,,,,,,,,,,,,,,,,,,,,,,,,,,,,,,,,,,,,,,,,,,
Mozambique,MOZ,Total tax rate (% of commercial profits),IC.TAX.TOTL.CP.ZS,,,,,,,,,,,,,,,,,,,,,,,,,,,,,,,,,,,,,,,,,,,,,,37,37,37,37,37,37,37,37,36.1,36.1,36.1,36.1,36.1,36.1
Mauritania,MRT,Total tax rate (% of commercial profits),IC.TAX.TOTL.CP.ZS,,,,,,,,,,,,,,,,,,,,,,,,,,,,,,,,,,,,,,,,,,,,,,85.8,85.8,85.8,77,77,59.3,59.3,59.3,52.7,67,67,67,67,67
Mauritius,MUS,Total tax rate (% of commercial profits),IC.TAX.TOTL.CP.ZS,,,,,,,,,,,,,,,,,,,,,,,,,,,,,,,,,,,,,,,,,,,,,,26.2,26,24.2,25.8,26,26.5,28.3,26.9,23.6,23.6,21.5,21.8,21.9,22.1
Malawi,MWI,Total tax rate (% of commercial profits),IC.TAX.TOTL.CP.ZS,,,,,,,,,,,,,,,,,,,,,,,,,,,,,,,,,,,,,,,,,,,,,,33.4,33.4,33,32.2,26.3,25.9,29,32.4,33.5,35.2,34.5,34.5,34.5,34.5
Malaysia,MYS,Total tax rate (% of commercial profits),IC.TAX.TOTL.CP.ZS,,,,,,,,,,,,,,,,,,,,,,,,,,,,,,,,,,,,,,,,,,,,,,36,36,36,34.5,33.5,33.9,34.1,34.6,39.1,39.3,40,40,39.2,39.2
North America,NAC,Total tax rate (% of commercial profits),IC.TAX.TOTL.CP.ZS,,,,,,,,,,,,,,,,,,,,,,,,,,,,,,,,,,,,,,,,,,,,,,47.5,45,44.3,44.1,42.3,22,20.7,20.1,31.85,32.45,32.5,32.5,32.35,32.15
Namibia,NAM,Total tax rate (% of commercial profits),IC.TAX.TOTL.CP.ZS,,,,,,,,,,,,,,,,,,,,,,,,,,,,,,,,,,,,,,,,,,,,,,25.8,25.8,25.8,22.8,22.3,22.3,21.8,21.8,21.2,20.7,21.3,20.7,20.7,20.7
New Caledonia,NCL,Total tax rate (% of commercial profits),IC.TAX.TOTL.CP.ZS,,,,,,,,,,,,,,,,,,,,,,,,,,,,,,,,,,,,,,,,,,,,,,,,,,,,,,,,,,,
Niger,NER,Total tax rate (% of commercial profits),IC.TAX.TOTL.CP.ZS,,,,,,,,,,,,,,,,,,,,,,,,,,,,,,,,,,,,,,,,,,,,,,42.5,42.5,42.6,42.5,46.7,46.7,44.3,44.3,47.3,47.8,48.2,48.2,47.3,47.3
Nigeria,NGA,Total tax rate (% of commercial profits),IC.TAX.TOTL.CP.ZS,,,,,,,,,,,,,,,,,,,,,,,,,,,,,,,,,,,,,,,,,,,,,,,,,,,,,,33,33,33.9,34.9,34.8,34.8
Nicaragua,NIC,Total tax rate (% of commercial profits),IC.TAX.TOTL.CP.ZS,,,,,,,,,,,,,,,,,,,,,,,,,,,,,,,,,,,,,,,,,,,,,,63.5,63.5,63.5,63.3,63.3,63.3,64.1,62.4,62.4,59.3,60.1,59.8,60.2,60.6
Netherlands,NLD,Total tax rate (% of commercial profits),IC.TAX.TOTL.CP.ZS,,,,,,,,,,,,,,,,,,,,,,,,,,,,,,,,,,,,,,,,,,,,,,47.7,44.6,41.8,38.2,38.5,39.4,39.6,39.2,39.5,39,41,40.4,40.7,40.8
Norway,NOR,Total tax rate (% of commercial profits),IC.TAX.TOTL.CP.ZS,,,,,,,,,,,,,,,,,,,,,,,,,,,,,,,,,,,,,,,,,,,,,,41.1,41.1,41.1,40.7,40.7,40.7,40.7,40.7,40.7,40.4,39.5,39.5,37.7,37
Nepal,NPL,Total tax rate (% of commercial profits),IC.TAX.TOTL.CP.ZS,,,,,,,,,,,,,,,,,,,,,,,,,,,,,,,,,,,,,,,,,,,,,,32.5,32.5,32.8,34.1,32.5,31.7,31.5,31.5,29.5,29.5,29.5,29.5,29.6,36.7
Nauru,NRU,Total tax rate (% of commercial profits),IC.TAX.TOTL.CP.ZS,,,,,,,,,,,,,,,,,,,,,,,,,,,,,,,,,,,,,,,,,,,,,,,,,,,,,,,,,,,
New Zealand,NZL,Total tax rate (% of commercial profits),IC.TAX.TOTL.CP.ZS,,,,,,,,,,,,,,,,,,,,,,,,,,,,,,,,,,,,,,,,,,,,,,36.6,35.4,35.5,36,33.2,34.7,34.4,34,34.4,34.4,34.3,34.3,34.5,34.6
OECD members,OED,Total tax rate (% of commercial profits),IC.TAX.TOTL.CP.ZS,,,,,,,,,,,,,,,,,,,,,,,,,,,,,,,,,,,,,,,,,,,,,,45.671875,43.71818182,43.39090909,42.81212121,41.93939394,41.13333333,40.55454545,40.89393939,41.42222222,41.63888889,41.19166667,40.97222222,40.38333333,40.23333333
Oman,OMN,Total tax rate (% of commercial profits),IC.TAX.TOTL.CP.ZS,,,,,,,,,,,,,,,,,,,,,,,,,,,,,,,,,,,,,,,,,,,,,,19.5,20.3,21.6,21.6,21.6,21.6,22,22,23,22.9,23.4,23.9,23.9,27.4
Other small states,OSS,Total tax rate (% of commercial profits),IC.TAX.TOTL.CP.ZS,,,,,,,,,,,,,,,,,,,,,,,,,,,,,,,,,,,,,,,,,,,,,,59.68947368,57.19047619,53.03478261,50.8125,49.12083333,47.55416667,46.904,47.35769231,46.38076923,38.27307692,37.76538462,38.88846154,38.83461538,38.98461538
Pakistan,PAK,Total tax rate (% of commercial profits),IC.TAX.TOTL.CP.ZS,,,,,,,,,,,,,,,,,,,,,,,,,,,,,,,,,,,,,,,,,,,,,,,,,,,,,,32.4,32.6,32.9,33.4,33.9,34.1
Panama,PAN,Total tax rate (% of commercial profits),IC.TAX.TOTL.CP.ZS,,,,,,,,,,,,,,,,,,,,,,,,,,,,,,,,,,,,,,,,,,,,,,43.9,44.1,44.7,43.8,43.8,43.8,43.6,40.5,37,37.2,37.2,37.2,37.2,37.2
Peru,PER,Total tax rate (% of commercial profits),IC.TAX.TOTL.CP.ZS,,,,,,,,,,,,,,,,,,,,,,,,,,,,,,,,,,,,,,,,,,,,,,38.9,38.8,38.8,39.1,38.2,38.2,37.6,37.4,37.4,37.3,37.3,35.6,35.6,36.8
Philippines,PHL,Total tax rate (% of commercial profits),IC.TAX.TOTL.CP.ZS,,,,,,,,,,,,,,,,,,,,,,,,,,,,,,,,,,,,,,,,,,,,,,47.2,47.6,49.1,47.1,47.1,43.8,44.5,44.5,42.5,42.5,42.9,42.9,42.9,42.9
Palau,PLW,Total tax rate (% of commercial profits),IC.TAX.TOTL.CP.ZS,,,,,,,,,,,,,,,,,,,,,,,,,,,,,,,,,,,,,,,,,,,,,,72.5,72.5,72.5,72.5,72.5,72.5,72.5,75.2,75,75.4,75.4,75.5,75.5,75.8
Papua New Guinea,PNG,Total tax rate (% of commercial profits),IC.TAX.TOTL.CP.ZS,,,,,,,,,,,,,,,,,,,,,,,,,,,,,,,,,,,,,,,,,,,,,,41.5,41.5,41.5,41.5,42.1,42.1,42.1,42.1,39.3,39.3,39.3,39.3,39.3,39.3
Poland,POL,Total tax rate (% of commercial profits),IC.TAX.TOTL.CP.ZS,,,,,,,,,,,,,,,,,,,,,,,,,,,,,,,,,,,,,,,,,,,,,,43.2,43.2,43.4,45.1,42.2,40.6,40.1,40.3,40.1,40.1,40.3,40.4,40.5,40.7
Pre-demographic dividend,PRE,Total tax rate (% of commercial profits),IC.TAX.TOTL.CP.ZS,,,,,,,,,,,,,,,,,,,,,,,,,,,,,,,,,,,,,,,,,,,,,,84.24242424,86.52647059,85.37058824,83.75882353,83.58235294,80.79705882,66.97647059,65.52571429,55.75277778,49.99722222,50.22777778,51.58888889,52.15277778,52.21944444
Puerto Rico,PRI,Total tax rate (% of commercial profits),IC.TAX.TOTL.CP.ZS,,,,,,,,,,,,,,,,,,,,,,,,,,,,,,,,,,,,,,,,,,,,,,57.6,57.6,57.6,60.6,60.6,63.6,63.1,50.4,49.6,66,65.8,63.4,63.4,63.4
"Korea, Dem. Peopleâ€™s Rep.",PRK,Total tax rate (% of commercial profits),IC.TAX.TOTL.CP.ZS,,,,,,,,,,,,,,,,,,,,,,,,,,,,,,,,,,,,,,,,,,,,,,,,,,,,,,,,,,,
Portugal,PRT,Total tax rate (% of commercial profits),IC.TAX.TOTL.CP.ZS,,,,,,,,,,,,,,,,,,,,,,,,,,,,,,,,,,,,,,,,,,,,,,43.8,43.8,42.9,42.5,42.3,42.6,42.6,41.9,42.2,42.3,40.9,39.8,39.8,39.8
Paraguay,PRY,Total tax rate (% of commercial profits),IC.TAX.TOTL.CP.ZS,,,,,,,,,,,,,,,,,,,,,,,,,,,,,,,,,,,,,,,,,,,,,,54.5,44.8,35.1,35,35,35,35,35,35,35,35,35,35,35
West Bank and Gaza,PSE,Total tax rate (% of commercial profits),IC.TAX.TOTL.CP.ZS,,,,,,,,,,,,,,,,,,,,,,,,,,,,,,,,,,,,,,,,,,,,,,22.5,18.1,16.8,16.5,16.5,16.5,16.5,16.5,16.5,15.3,15.3,15.3,15.3,15.3
Pacific island small states,PSS,Total tax rate (% of commercial profits),IC.TAX.TOTL.CP.ZS,,,,,,,,,,,,,,,,,,,,,,,,,,,,,,,,,,,,,,,,,,,,,,39.05555556,39.05555556,38.95555556,38.85555556,38.28888889,38.18888889,38.11111111,38.33333333,38.88888889,38.95555556,38.95555556,39.23333333,39.2,39.35555556
Post-demographic dividend,PST,Total tax rate (% of commercial profits),IC.TAX.TOTL.CP.ZS,,,,,,,,,,,,,,,,,,,,,,,,,,,,,,,,,,,,,,,,,,,,,,49.27419355,46.934375,45.946875,45.3375,43.225,41.553125,40.12647059,39.64705882,40.24444444,40.31666667,39.82777778,39.7,38.78611111,38.78611111
French Polynesia,PYF,Total tax rate (% of commercial profits),IC.TAX.TOTL.CP.ZS,,,,,,,,,,,,,,,,,,,,,,,,,,,,,,,,,,,,,,,,,,,,,,,,,,,,,,,,,,,
Qatar,QAT,Total tax rate (% of commercial profits),IC.TAX.TOTL.CP.ZS,,,,,,,,,,,,,,,,,,,,,,,,,,,,,,,,,,,,,,,,,,,,,,,,11.3,11.3,11.3,11.3,11.3,11.3,11.3,11.3,11.3,11.3,11.3,11.3
Romania,ROU,Total tax rate (% of commercial profits),IC.TAX.TOTL.CP.ZS,,,,,,,,,,,,,,,,,,,,,,,,,,,,,,,,,,,,,,,,,,,,,,55.8,48.2,45.6,45.4,45.5,44,43.5,43.3,43.2,43.2,42,40,40,40
Russian Federation,RUS,Total tax rate (% of commercial profits),IC.TAX.TOTL.CP.ZS,,,,,,,,,,,,,,,,,,,,,,,,,,,,,,,,,,,,,,,,,,,,,,,,,,,,,,48.7,48.9,47,47.4,47.5,46.3
Rwanda,RWA,Total tax rate (% of commercial profits),IC.TAX.TOTL.CP.ZS,,,,,,,,,,,,,,,,,,,,,,,,,,,,,,,,,,,,,,,,,,,,,,41.2,41.2,37.2,37.1,34.7,34.7,34.7,34.5,33,33,33,33,33.2,33.2
South Asia,SAS,Total tax rate (% of commercial profits),IC.TAX.TOTL.CP.ZS,,,,,,,,,,,,,,,,,,,,,,,,,,,,,,,,,,,,,,,,,,,,,,34.32,34.94,35.38,35.64,35.32,42.14,45.36,37.16,38.8875,38.75,38.6375,40.2625,43.15,43.55
Saudi Arabia,SAU,Total tax rate (% of commercial profits),IC.TAX.TOTL.CP.ZS,,,,,,,,,,,,,,,,,,,,,,,,,,,,,,,,,,,,,,,,,,,,,,14.9,14.6,14.6,14.6,14.7,14.7,14.7,14.7,14.6,14.6,15,15.7,15.7,15.7
Sudan,SDN,Total tax rate (% of commercial profits),IC.TAX.TOTL.CP.ZS,,,,,,,,,,,,,,,,,,,,,,,,,,,,,,,,,,,,,,,,,,,,,,49.7,36.1,36.1,36.1,36.1,36.1,36.1,36.1,45.4,45.4,45.4,45.4,45.4,45.4
Senegal,SEN,Total tax rate (% of commercial profits),IC.TAX.TOTL.CP.ZS,,,,,,,,,,,,,,,,,,,,,,,,,,,,,,,,,,,,,,,,,,,,,,50.3,45.5,45.5,45.5,45.5,45.5,45.5,45.5,45.3,45.1,47.3,45.1,45.1,45.1
Singapore,SGP,Total tax rate (% of commercial profits),IC.TAX.TOTL.CP.ZS,,,,,,,,,,,,,,,,,,,,,,,,,,,,,,,,,,,,,,,,,,,,,,26.2,22.4,21.8,24.2,24.1,23.4,23.8,18.4,20.1,18,18,19.1,20.3,20.6
Solomon Islands,SLB,Total tax rate (% of commercial profits),IC.TAX.TOTL.CP.ZS,,,,,,,,,,,,,,,,,,,,,,,,,,,,,,,,,,,,,,,,,,,,,,26.1,26.1,26.1,26.1,26.1,26.2,26.2,25.3,32,32,32,32,32,32
Sierra Leone,SLE,Total tax rate (% of commercial profits),IC.TAX.TOTL.CP.ZS,,,,,,,,,,,,,,,,,,,,,,,,,,,,,,,,,,,,,,,,,,,,,,272,272,235.2,235.2,235.2,235.2,32.4,32.4,31,31,30.7,30.7,30.7,30.7
El Salvador,SLV,Total tax rate (% of commercial profits),IC.TAX.TOTL.CP.ZS,,,,,,,,,,,,,,,,,,,,,,,,,,,,,,,,,,,,,,,,,,,,,,34.8,34.8,34.8,34.8,34.8,34.8,34.8,34.8,38.8,38.8,38.8,35.5,35.5,35.6
San Marino,SMR,Total tax rate (% of commercial profits),IC.TAX.TOTL.CP.ZS,,,,,,,,,,,,,,,,,,,,,,,,,,,,,,,,,,,,,,,,,,,,,,,,,,,,,40.1,40.1,40.1,40.5,35.4,35.4,35.4
Somalia,SOM,Total tax rate (% of commercial profits),IC.TAX.TOTL.CP.ZS,,,,,,,,,,,,,,,,,,,,,,,,,,,,,,,,,,,,,,,,,,,,,,,,,,,,,,,,,,,
Serbia,SRB,Total tax rate (% of commercial profits),IC.TAX.TOTL.CP.ZS,,,,,,,,,,,,,,,,,,,,,,,,,,,,,,,,,,,,,,,,,,,,,,30.9,30.9,30.9,29.2,29.2,31.2,31.2,31.2,31.2,35.6,36.6,36.7,36.7,36.6
Sub-Saharan Africa (excluding high income),SSA,Total tax rate (% of commercial profits),IC.TAX.TOTL.CP.ZS,,,,,,,,,,,,,,,,,,,,,,,,,,,,,,,,,,,,,,,,,,,,,,72.59767442,74.44090909,73.67045455,73.02954545,72.48863636,69.87045455,59.17727273,58.37111111,50.6826087,46.05217391,46.29130435,47.11086957,47.07826087,47.14782609
South Sudan,SSD,Total tax rate (% of commercial profits),IC.TAX.TOTL.CP.ZS,,,,,,,,,,,,,,,,,,,,,,,,,,,,,,,,,,,,,,,,,,,,,,,,,,,,,26.4,29.2,29,29,31.4,31.4,31.4
Sub-Saharan Africa,SSF,Total tax rate (% of commercial profits),IC.TAX.TOTL.CP.ZS,,,,,,,,,,,,,,,,,,,,,,,,,,,,,,,,,,,,,,,,,,,,,,72.04772727,73.86222222,73.10888889,72.44222222,71.85777778,69.25111111,58.52888889,57.61304348,50.14680851,45.70638298,45.94680851,46.74893617,46.71702128,46.78510638
Small states,SST,Total tax rate (% of commercial profits),IC.TAX.TOTL.CP.ZS,,,,,,,,,,,,,,,,,,,,,,,,,,,,,,,,,,,,,,,,,,,,,,49.77179487,48.84146341,46.77045455,45.64444444,44.48222222,43.51111111,42.95319149,43.30833333,42.83541667,38.18125,37.66041667,38.23333333,38.26041667,38.45625
Sao Tome and Principe,STP,Total tax rate (% of commercial profits),IC.TAX.TOTL.CP.ZS,,,,,,,,,,,,,,,,,,,,,,,,,,,,,,,,,,,,,,,,,,,,,,51,51.3,51.3,51.3,51.3,38.8,38,38,38,37.5,37.5,37,37,37
Suriname,SUR,Total tax rate (% of commercial profits),IC.TAX.TOTL.CP.ZS,,,,,,,,,,,,,,,,,,,,,,,,,,,,,,,,,,,,,,,,,,,,,,27.9,27.9,27.9,27.9,27.9,27.9,27.9,27.9,27.9,27.9,27.9,27.9,27.9,27.9
Slovak Republic,SVK,Total tax rate (% of commercial profits),IC.TAX.TOTL.CP.ZS,,,,,,,,,,,,,,,,,,,,,,,,,,,,,,,,,,,,,,,,,,,,,,50,47.6,47.6,47.4,48.4,48.9,48.3,49.2,48.7,49.4,50.4,50.1,50.1,49.7
Slovenia,SVN,Total tax rate (% of commercial profits),IC.TAX.TOTL.CP.ZS,,,,,,,,,,,,,,,,,,,,,,,,,,,,,,,,,,,,,,,,,,,,,,39.2,39.2,38.4,34.9,35.8,33.6,32.9,32.9,31.4,31,31,31,31,31
Sweden,SWE,Total tax rate (% of commercial profits),IC.TAX.TOTL.CP.ZS,,,,,,,,,,,,,,,,,,,,,,,,,,,,,,,,,,,,,,,,,,,,,,54.1,54.1,53.8,53.8,53.9,52.1,52.1,52.1,52.1,49.1,49.1,49.1,49.1,49.1
Eswatini,SWZ,Total tax rate (% of commercial profits),IC.TAX.TOTL.CP.ZS,,,,,,,,,,,,,,,,,,,,,,,,,,,,,,,,,,,,,,,,,,,,,,36.6,36.6,36.6,36.6,36.6,36.8,37.6,36.8,36.7,36.9,34.7,35.1,35.2,35.7
Sint Maarten (Dutch part),SXM,Total tax rate (% of commercial profits),IC.TAX.TOTL.CP.ZS,,,,,,,,,,,,,,,,,,,,,,,,,,,,,,,,,,,,,,,,,,,,,,,,,,,,,,,,,,,
Seychelles,SYC,Total tax rate (% of commercial profits),IC.TAX.TOTL.CP.ZS,,,,,,,,,,,,,,,,,,,,,,,,,,,,,,,,,,,,,,,,,,,,,,48.4,48.4,48.4,46.6,44.1,42,30,23.5,25.5,29.8,30.1,30.1,30.1,30.1
Syrian Arab Republic,SYR,Total tax rate (% of commercial profits),IC.TAX.TOTL.CP.ZS,,,,,,,,,,,,,,,,,,,,,,,,,,,,,,,,,,,,,,,,,,,,,,43.5,43.5,43.5,40.5,39.9,39.9,39.9,39.9,39.9,42.7,42.7,42.7,42.7,42.7
Turks and Caicos Islands,TCA,Total tax rate (% of commercial profits),IC.TAX.TOTL.CP.ZS,,,,,,,,,,,,,,,,,,,,,,,,,,,,,,,,,,,,,,,,,,,,,,,,,,,,,,,,,,,
Chad,TCD,Total tax rate (% of commercial profits),IC.TAX.TOTL.CP.ZS,,,,,,,,,,,,,,,,,,,,,,,,,,,,,,,,,,,,,,,,,,,,,,74,74,74,71.3,71.3,75.8,75.8,75.7,72.4,63.5,63.5,63.5,63.5,63.5
East Asia & Pacific (IDA & IBRD countries),TEA,Total tax rate (% of commercial profits),IC.TAX.TOTL.CP.ZS,,,,,,,,,,,,,,,,,,,,,,,,,,,,,,,,,,,,,,,,,,,,,,38.78333333,38.77777778,38.83888889,37.26666667,35.15,34.57222222,34.96666667,35.11578947,36.1952381,35.96190476,35.8047619,36.1,35.87142857,35.75238095
Europe & Central Asia (IDA & IBRD countries),TEC,Total tax rate (% of commercial profits),IC.TAX.TOTL.CP.ZS,,,,,,,,,,,,,,,,,,,,,,,,,,,,,,,,,,,,,,,,,,,,,,54.37368421,52.135,48.67,48.63,43.34285714,39.29047619,38.3047619,37.74285714,37.12727273,34.28636364,34.77272727,33.9,33.33181818,33.02727273
Togo,TGO,Total tax rate (% of commercial profits),IC.TAX.TOTL.CP.ZS,,,,,,,,,,,,,,,,,,,,,,,,,,,,,,,,,,,,,,,,,,,,,,52.5,52.5,52.6,52.6,52.5,50.3,48.9,48.9,48.9,50.3,48.5,48.5,48.5,48.2
Thailand,THA,Total tax rate (% of commercial profits),IC.TAX.TOTL.CP.ZS,,,,,,,,,,,,,,,,,,,,,,,,,,,,,,,,,,,,,,,,,,,,,,36.4,35.9,36.4,36.1,35.8,35.8,35.9,36.1,28.7,26,26.8,29.6,28.7,29.5
Tajikistan,TJK,Total tax rate (% of commercial profits),IC.TAX.TOTL.CP.ZS,,,,,,,,,,,,,,,,,,,,,,,,,,,,,,,,,,,,,,,,,,,,,,79.9,79.9,80,83.4,83.8,84,84.5,84.5,80.9,81.8,81.8,66.1,66.3,67.3
Turkmenistan,TKM,Total tax rate (% of commercial profits),IC.TAX.TOTL.CP.ZS,,,,,,,,,,,,,,,,,,,,,,,,,,,,,,,,,,,,,,,,,,,,,,,,,,,,,,,,,,,
Latin America & the Caribbean (IDA & IBRD countries),TLA,Total tax rate (% of commercial profits),IC.TAX.TOTL.CP.ZS,,,,,,,,,,,,,,,,,,,,,,,,,,,,,,,,,,,,,,,,,,,,,,48.775,48.23214286,47.99285714,46.59285714,46.56785714,46.15357143,46.16785714,46.11428571,47.36333333,47.66333333,47.30666667,45.87,46.37666667,46.61
Timor-Leste,TLS,Total tax rate (% of commercial profits),IC.TAX.TOTL.CP.ZS,,,,,,,,,,,,,,,,,,,,,,,,,,,,,,,,,,,,,,,,,,,,,,48.9,48.9,48.9,33.1,11.2,11.2,11.2,11.2,11.2,11.2,11.2,11.2,11.2,11.2
Middle East & North Africa (IDA & IBRD countries),TMN,Total tax rate (% of commercial profits),IC.TAX.TOTL.CP.ZS,,,,,,,,,,,,,,,,,,,,,,,,,,,,,,,,,,,,,,,,,,,,,,59.90909091,46.13636364,45.88181818,44.87272727,44.59090909,44.6,43.08181818,42.075,41.28333333,42.00833333,41.85833333,41.05833333,41.55833333,41.43333333
Tonga,TON,Total tax rate (% of commercial profits),IC.TAX.TOTL.CP.ZS,,,,,,,,,,,,,,,,,,,,,,,,,,,,,,,,,,,,,,,,,,,,,,27.5,27.5,27.5,27.5,22.7,23.6,23.6,23.6,27.5,27.5,27.5,27.5,27.5,27.5
South Asia (IDA & IBRD),TSA,Total tax rate (% of commercial profits),IC.TAX.TOTL.CP.ZS,,,,,,,,,,,,,,,,,,,,,,,,,,,,,,,,,,,,,,,,,,,,,,34.32,34.94,35.38,35.64,35.32,42.14,45.36,37.16,38.8875,38.75,38.6375,40.2625,43.15,43.55
Sub-Saharan Africa (IDA & IBRD countries),TSS,Total tax rate (% of commercial profits),IC.TAX.TOTL.CP.ZS,,,,,,,,,,,,,,,,,,,,,,,,,,,,,,,,,,,,,,,,,,,,,,72.04772727,73.86222222,73.10888889,72.44222222,71.85777778,69.25111111,58.52888889,57.61304348,50.14680851,45.70638298,45.94680851,46.74893617,46.71702128,46.78510638
Trinidad and Tobago,TTO,Total tax rate (% of commercial profits),IC.TAX.TOTL.CP.ZS,,,,,,,,,,,,,,,,,,,,,,,,,,,,,,,,,,,,,,,,,,,,,,39.2,39.2,35,36.3,36.3,35,31,31,31.5,32,32.2,32,36.2,39.7
Tunisia,TUN,Total tax rate (% of commercial profits),IC.TAX.TOTL.CP.ZS,,,,,,,,,,,,,,,,,,,,,,,,,,,,,,,,,,,,,,,,,,,,,,61.2,61.2,61.2,59.1,62.8,62.8,62.8,62.8,62.8,62.8,60.2,60.2,64.1,60.2
Turkey,TUR,Total tax rate (% of commercial profits),IC.TAX.TOTL.CP.ZS,,,,,,,,,,,,,,,,,,,,,,,,,,,,,,,,,,,,,,,,,,,,,,46.1,45.7,44.9,44.6,43.5,43.5,40.1,40.2,39.9,40.2,40.6,41,40.9,40.9
Tuvalu,TUV,Total tax rate (% of commercial profits),IC.TAX.TOTL.CP.ZS,,,,,,,,,,,,,,,,,,,,,,,,,,,,,,,,,,,,,,,,,,,,,,,,,,,,,,,,,,,
Tanzania,TZA,Total tax rate (% of commercial profits),IC.TAX.TOTL.CP.ZS,,,,,,,,,,,,,,,,,,,,,,,,,,,,,,,,,,,,,,,,,,,,,,43.8,43.8,43.9,44.4,44.4,44.4,44.9,44.9,44.3,44.3,43.9,43.9,44.1,44
Uganda,UGA,Total tax rate (% of commercial profits),IC.TAX.TOTL.CP.ZS,,,,,,,,,,,,,,,,,,,,,,,,,,,,,,,,,,,,,,,,,,,,,,36.7,35,36.6,35.4,33.5,33.5,33.5,33.5,33.5,33.5,33.5,33.7,33.7,33.7
Ukraine,UKR,Total tax rate (% of commercial profits),IC.TAX.TOTL.CP.ZS,,,,,,,,,,,,,,,,,,,,,,,,,,,,,,,,,,,,,,,,,,,,,,57.3,57,56.6,57.2,57.2,55.5,57.1,55.4,54.4,52.7,52.2,52.3,37.8,41.7
Upper middle income,UMC,Total tax rate (% of commercial profits),IC.TAX.TOTL.CP.ZS,,,,,,,,,,,,,,,,,,,,,,,,,,,,,,,,,,,,,,,,,,,,,,42.73111111,41.95,40.96956522,40.35434783,38.99130435,37.88043478,37.35217391,37.49361702,38.62156863,38.23137255,38.21568627,38.56078431,38.66470588,38.7372549
Uruguay,URY,Total tax rate (% of commercial profits),IC.TAX.TOTL.CP.ZS,,,,,,,,,,,,,,,,,,,,,,,,,,,,,,,,,,,,,,,,,,,,,,71.3,71.3,71.3,43,41.9,41.9,41.9,41.9,41.8,41.8,41.8,41.8,41.8,41.8
United States,USA,Total tax rate (% of commercial profits),IC.TAX.TOTL.CP.ZS,,,,,,,,,,,,,,,,,,,,,,,,,,,,,,,,,,,,,,,,,,,,,,,,,,,,,,43.8,43.8,43.9,44,43.8,43.8
Uzbekistan,UZB,Total tax rate (% of commercial profits),IC.TAX.TOTL.CP.ZS,,,,,,,,,,,,,,,,,,,,,,,,,,,,,,,,,,,,,,,,,,,,,,96.7,112.1,90.3,89.8,95,95.8,97.7,98.7,93.7,42.1,41.1,38.1,38.3,32.1
St. Vincent and the Grenadines,VCT,Total tax rate (% of commercial profits),IC.TAX.TOTL.CP.ZS,,,,,,,,,,,,,,,,,,,,,,,,,,,,,,,,,,,,,,,,,,,,,,45,45,45,42.6,41,38.7,38.7,38.7,38.6,38.6,39.3,39.3,39.3,39.3
"Venezuela, RB",VEN,Total tax rate (% of commercial profits),IC.TAX.TOTL.CP.ZS,,,,,,,,,,,,,,,,,,,,,,,,,,,,,,,,,,,,,,,,,,,,,,50.2,49.8,53.6,55.6,60.4,51.9,62.8,61.5,65,65,64.7,65,64.6,64.6
British Virgin Islands,VGB,Total tax rate (% of commercial profits),IC.TAX.TOTL.CP.ZS,,,,,,,,,,,,,,,,,,,,,,,,,,,,,,,,,,,,,,,,,,,,,,,,,,,,,,,,,,,
Virgin Islands (U.S.),VIR,Total tax rate (% of commercial profits),IC.TAX.TOTL.CP.ZS,,,,,,,,,,,,,,,,,,,,,,,,,,,,,,,,,,,,,,,,,,,,,,,,,,,,,,,,,,,
Vietnam,VNM,Total tax rate (% of commercial profits),IC.TAX.TOTL.CP.ZS,,,,,,,,,,,,,,,,,,,,,,,,,,,,,,,,,,,,,,,,,,,,,,39.9,39.9,39.9,39.9,40,33.1,39.9,35.3,40.8,40.8,39.4,39.4,38.1,37.8
Vanuatu,VUT,Total tax rate (% of commercial profits),IC.TAX.TOTL.CP.ZS,,,,,,,,,,,,,,,,,,,,,,,,,,,,,,,,,,,,,,,,,,,,,,8.4,8.4,8.4,8.4,8.4,8.4,8.4,8.4,8.5,8.5,8.5,8.5,8.5,8.5
World,WLD,Total tax rate (% of commercial profits),IC.TAX.TOTL.CP.ZS,,,,,,,,,,,,,,,,,,,,,,,,,,,,,,,,,,,,,,,,,,,,,,53.18220859,51.99520958,50.79941176,49.8994152,48.64767442,47.32616279,44.26494253,43.61123596,41.94656085,40.64285714,40.51957672,40.37354497,40.37777778,40.37195767
Samoa,WSM,Total tax rate (% of commercial profits),IC.TAX.TOTL.CP.ZS,,,,,,,,,,,,,,,,,,,,,,,,,,,,,,,,,,,,,,,,,,,,,,19.3,19.3,19.3,18.4,18.4,18.4,18.4,18.4,18.4,18.1,18.1,18.5,19.3,19.3
Kosovo,XKX,Total tax rate (% of commercial profits),IC.TAX.TOTL.CP.ZS,,,,,,,,,,,,,,,,,,,,,,,,,,,,,,,,,,,,,,,,,,,,,,,,,,28.3,16.5,15.8,15.6,15.4,15.4,15.2,15.2,15.2,15.2
"Yemen, Rep.",YEM,Total tax rate (% of commercial profits),IC.TAX.TOTL.CP.ZS,,,,,,,,,,,,,,,,,,,,,,,,,,,,,,,,,,,,,,,,,,,,,,196.7,49.4,49.4,49.3,49.3,49.3,34.5,33.6,26.6,26.6,26.6,26.6,26.6,26.6
South Africa,ZAF,Total tax rate (% of commercial profits),IC.TAX.TOTL.CP.ZS,,,,,,,,,,,,,,,,,,,,,,,,,,,,,,,,,,,,,,,,,,,,,,37.1,36.6,36.1,33.3,30,30.2,31.8,32,28.7,28.9,28.8,28.8,28.9,29.1
Zambia,ZMB,Total tax rate (% of commercial profits),IC.TAX.TOTL.CP.ZS,,,,,,,,,,,,,,,,,,,,,,,,,,,,,,,,,,,,,,,,,,,,,,15.4,15.4,15,15,15,14.3,14.4,16.2,15.9,15.5,18.6,18.6,15.6,15.6
Zimbabwe,ZWE,Total tax rate (% of commercial profits),IC.TAX.TOTL.CP.ZS,,,,,,,,,,,,,,,,,,,,,,,,,,,,,,,,,,,,,,,,,,,,,,30.1,30.2,49.3,66.3,36.1,38.2,33.5,33.4,34.1,31.4,31.6,31.6,31.6,31.6